CustomerId,DLNumber,FirstName,LastName
1,629V5780R72449EO,Jane,Mills
2,665L2934I60285JO,Oliver,Tate
3,139A8832Q10367ZF,Lawrence,Edwards
4,574U8739D25169ZJ,Josie,Brady
5,138Y2017E60522GA,Gerald,Gibbs
6,151A7666F99697CU,Patricia,Whittle
7,758D2030P44349TR,Glenn,White
8,320M8101Z76916MW,Lana,Flynn
9,A0519346932,Sarah,Pawlowicz
10,A0891946418,Stephen,Pelkowski
11,A0953343682,Helene,Saylors
12,A1953394969,Lorrine,Pagliuca
13,A2130488970,Nicolette,Biddy
14,A2156704547,Xochitl,Pagliuca
15,A2547186724,Gearldine,Amigon
16,A2628970055,Cristy,Acey
17,A2840015188,Skye,Estell
18,A3747937972,Leatha,Batman
19,A3961543582,Carmelina,Rauser
20,A4237394300,Shenika,Kines
21,A4363352704,Adell,Leinenbach
22,A4708877275,Samira,Nachor
23,A5116094170,Shawna,Cousey
24,A5441879198,Fabiola,Keener
25,A5612369872,Aja,Harabedian
26,A5932340550,Blair,Cronauer
27,A6303892555,Noah,Semidey
28,A6434991693,Truman,Strassner
29,A6448389020,Kimberlie,Stockham
30,A6657577671,Lemuel,Kardas
31,A6819485677,Mariann,Burnard
32,A7120700731,Junita,Toelkes
33,A7690497079,Sylvia,Kusko
34,A8107181602,Norah,Gleich
35,A8179961589,Tegan,Andreason
36,A8352857373,Felicidad,Discipio
37,A8940446385,Annelle,Reiber
38,A9679099306,Luisa,Nicolozakes
39,A9685977010,Louvenia,Gillaspie
40,A9800617405,Golda,Kannady
41,B0118879496,Sylvia,Kitty
42,B0504258873,Merissa,Wolny
43,B0554787573,Willow,Fern
44,B0585188333,Lorrie,Boord
45,B0664933596,Weldon,Gehrett
46,B0676368739,Refugia,Riden
47,B1467621707,Arlette,Arias
48,B1872571043,Elvera,Flosi
49,B1897119906,Filiberto,Limmel
50,B2116633076,Wilda,Fritz
51,B2287458166,Rolland,Emigh
52,B2606688489,Chanel,Maclead
53,B2804248768,Donte,Cousey
54,B2906209149,Chanel,Kippley
55,B3151226118,Delisa,Buvens
56,B3507444732,Melodie,Madarang
57,B3621247910,Edna,Wolny
58,B3716300300,Art,Degroot
59,B4543107001,Cyndy,Royster
60,B4645539147,Lili,Arias
61,B4683383831,Gracia,Agramonte
62,B4745861576,Brett,Toelkes
63,B4761949869,Oretha,Cork
64,B4913696298,Raylene,Zepp
65,B5327595424,Ressie,Palaia
66,B5428704297,Gracia,Ennaco
67,B5930662838,Latrice,Claucherty
68,B6148685373,Mireya,Sawchuk
69,B6520528449,Donette,Felger
70,B6684374397,Mariann,Lary
71,B6711015012,Mitsue,Slusarski
72,B6894388117,Wynell,Swayze
73,B7298707408,Nana,Newville
74,B7647746540,Marti,Kohl
75,B7658453163,Cyndy,Gochal
76,B7770854372,Garry,Schnitzler
77,B7825808469,Glendora,Ennaco
78,B7916407234,Ressie,Hoffis
79,B8617696591,Helaine,Maclead
80,B8838483933,Tamar,Rodefer
81,B9103421452,Mirta,Weirather
82,B9167611164,Mitsue,Diestel
83,C0188223064,Mitsue,Tomasulo
84,C0556840359,Raul,Castros
85,C0640712551,Talia,Keetch
86,C0925817172,Arthur,Mirafuentes
87,C1172628796,Jacqueline,Shields
88,C1317447002,Franklyn,Kaniecki
89,C1394323936,Aliza,Meisel
90,C1404134532,Junita,Perigo
91,C1550981362,Glenna,Newville
92,C2448589066,Eden,Mirafuentes
93,C2744068306,Virgie,Garufi
94,C3304949185,Gail,Scheyer
95,C3670850732,Alishia,Latzke
96,C3686964342,Josphine,Degroot
97,C3701564618,Rhea,Jillson
98,C4179179446,Alyce,Hauenstein
99,C4376643077,Earleen,Onofrio
100,C4429219457,Rhea,Pontoriero
101,C4730867711,Portia,Hauenstein
102,C5517920862,Tyra,Jacobos
103,C6508528685,Elke,Felger
104,C6885206034,Jina,Bowley
105,C6972781026,Ma,Yum
106,C7154501254,Glenna,Onofrio
107,C7245495659,Oretha,Bowley
108,C7482916743,Lenna,Honeywell
109,C7649296970,Reita,Moyd
110,C7731551051,Larae,Thyberg
111,C7821395607,Glendora,Rodeigues
112,C8244565014,Irma,Dhamer
113,C8694307110,Katina,Monarrez
114,C8771937989,Thaddeus,Lawler
115,C8797407549,Ressie,Pedrozo
116,C8989750395,Derick,Dilliard
117,C9227901984,Sharika,Storment
118,C9556821151,Salome,Theodorov
119,C9736973233,Joesph,Haufler
120,C9808620269,Martina,Lietz
121,C9903567737,Linn,Hollack
122,D0627627707,Solange,Ostrosky
123,D1162502438,Lili,Farrar
124,D1451097081,France,Figeroa
125,D1490490202,Audry,Wide
126,D1610396701,Chaya,Palaia
127,D2548986249,Xochitl,Knipp
128,D2619628333,Junita,Walthall
129,D3829841679,Shawna,Vizarro
130,D4296267174,Ahmed,Padilla
131,D4435428566,Jacqueline,Strassner
132,D4766565553,Iluminada,Pagliuca
133,D4813659453,Blondell,Bayless
134,D5555586904,Annmarie,Royster
135,D5653451679,Van,Comnick
136,D5973707816,Candida,Baltimore
137,D6463541439,Lizbeth,Foller
138,D7279401089,Junita,Miro
139,D7751875993,Carissa,Similton
140,D7757448068,Merilyn,Maile
141,D7770361115,Luisa,Malet
142,D7810922062,Bernardo,Benimadho
143,D7934013852,Lavonna,Good
144,D8126834725,Daron,Fredicks
145,D8377275576,Derick,Sengbusch
146,D8463845828,Stephaine,Drymon
147,D8596790243,Tiffiny,Devreese
148,D9431249359,Benton,Konopacki
149,D9635369685,Carmelina,Staback
150,D9745941406,My,Arceo
151,D9806834505,Tyra,Layous
